meteostat_id,month,name,alt,wmo_id,national_id,icao_id,tavg,tmin,tmax,prcp,snow,n_obs,lon,lat
34214,1,Belgorod,122,34214,NA,UUOB,-5.81731843575419,-7.310679611650485,-2.3703883495145632,1.5819444444444444,NA,451,36.583299999999994,50.6333
34214,2,Belgorod,122,34214,NA,UUOB,-4.765970149253731,-6.235384615384615,-1.0758974358974358,1.4196969696969697,NA,420,36.583299999999994,50.6333
34214,3,Belgorod,122,34214,NA,UUOB,0.5659630606860159,-1.841255605381166,5.539732142857143,0.9801843317972351,NA,472,36.583299999999994,50.6333
34214,4,Belgorod,122,34214,NA,UUOB,10.144498777506113,5.097816593886463,14.792139737991267,1.9076190476190475,NA,499,36.583299999999994,50.6333
34214,5,Belgorod,122,34214,NA,UUOB,15.439841688654354,9.386160714285714,19.295535714285716,1.5661691542288556,NA,472,36.583299999999994,50.6333
34214,6,Belgorod,122,34214,NA,UUOB,20.476880222841224,14.844976076555024,25.341626794258374,2.3627777777777776,NA,449,36.583299999999994,50.6333
34214,7,Belgorod,122,34214,NA,UUOB,22.280116959064326,16.175401069518717,26.55668449197861,1.9187096774193548,NA,404,36.583299999999994,50.6333
34214,8,Belgorod,122,34214,NA,UUOB,21.550417827298052,15.809803921568628,27.176470588235293,1.0496774193548386,NA,421,36.583299999999994,50.6333
34214,9,Belgorod,122,34214,NA,UUOB,15.253651685393258,10.217475728155339,20.410679611650487,1.9133333333333333,NA,416,36.583299999999994,50.6333
34214,10,Belgorod,122,34214,NA,UUOB,8.792757660167132,5.348039215686274,13.294117647058824,1.9445161290322581,NA,421,36.583299999999994,50.6333
34214,11,Belgorod,122,34214,NA,UUOB,2.4475757575757577,-0.44222222222222224,4.322777777777778,2.3013333333333335,NA,390,36.583299999999994,50.6333
34214,12,Belgorod,122,34214,NA,UUOB,-2.6568452380952383,-3.9510989010989013,-0.023076923076923075,1.9212903225806452,NA,398,36.583299999999994,50.6333
34300,1,Kharkiv,154,34300,NA,UKHH,-4.445161290322581,-6.925729166666667,-2.075052192066806,1.566412213740458,114.11161387631977,961,36.1333,49.9667
34300,2,Kharkiv,154,34300,NA,UKHH,-3.4610285714285713,-6.272768878718535,-0.47901376146788993,1.547108843537415,114.2967542503864,875,36.1333,49.9667
34300,3,Kharkiv,154,34300,NA,UKHH,1.5770833333333334,-1.8346193952033367,5.459665621734588,1.531669535283993,119.19073569482289,960,36.1333,49.9667
34300,4,Kharkiv,154,34300,NA,UKHH,9.964301075268818,5.133261571582347,15.05258064516129,1.649433962264151,137.20689655172413,930,36.1333,49.9667
34300,5,Kharkiv,154,34300,NA,UKHH,15.948898216159495,10.601888772298006,21.375970619097586,2.22,NA,953,36.1333,49.9667
34300,6,Kharkiv,154,34300,NA,UKHH,20.038222222222224,14.858620689655172,25.351,2.525050505050505,NA,900,36.1333,49.9667
34300,7,Kharkiv,154,34300,NA,UKHH,22.176236559139785,16.82943722943723,27.566990291262137,3.2473347547974414,NA,930,36.1333,49.9667
34300,8,Kharkiv,154,34300,NA,UKHH,21.361505376344088,15.761822125813449,27.162702702702703,1.9459694989106753,NA,930,36.1333,49.9667
34300,9,Kharkiv,154,34300,NA,UKHH,15.123555555555555,10.294388327721661,20.674944071588367,2.2305194805194803,NA,900,36.1333,49.9667
34300,10,Kharkiv,154,34300,NA,UKHH,8.306774193548387,4.45695652173913,12.778771551724137,2.533673469387755,12.5,930,36.1333,49.9667
34300,11,Kharkiv,154,34300,NA,UKHH,2.1157190635451504,-0.3860202931228861,4.902259887005649,2.342379182156134,77.66071428571429,897,36.1333,49.9667
34300,12,Kharkiv,154,34300,NA,UKHH,-2.6139784946236557,-4.880546448087432,-0.32201533406352684,1.7164037854889589,70.71057884231537,930,36.1333,49.9667
34312,1,Velykyi Burluk,174,34312,NA,NA,-5.4796915167095115,-7.519732441471572,-2.657707509881423,6.161627906976745,114.20754716981132,389,37.3833,50.066700000000004
34312,2,Velykyi Burluk,174,34312,NA,NA,-4.482571428571428,-7.329109589041096,-1.7092436974789915,1.8943502824858758,125,350,37.3833,50.066700000000004
34312,3,Velykyi Burluk,174,34312,NA,NA,0.8116751269035533,-2.5273846153846153,5.036026936026936,2.5136054421768708,39.13636363636363,394,37.3833,50.066700000000004
34312,4,Velykyi Burluk,174,34312,NA,NA,8.62225201072386,3.5925,14.804659498207885,3.9321428571428574,50,373,37.3833,50.066700000000004
34312,5,Velykyi Burluk,174,34312,NA,NA,14.225981873111783,8.447670250896058,20.91311475409836,4.0725,NA,331,37.3833,50.066700000000004
34312,6,Velykyi Burluk,174,34312,NA,NA,17.66766917293233,12.245982142857143,23.57989949748744,4.268888888888889,NA,266,37.3833,50.066700000000004
34312,7,Velykyi Burluk,174,34312,NA,NA,20.967368421052633,15.494331983805669,27.901694915254236,6.353947368421053,NA,285,37.3833,50.066700000000004
34312,8,Velykyi Burluk,174,34312,NA,NA,20.169454545454546,13.97219730941704,27.30633484162896,4.930769230769231,NA,275,37.3833,50.066700000000004
34312,9,Velykyi Burluk,174,34312,NA,NA,13.93374613003096,8.894871794871795,21.106147540983606,3.111290322580645,NA,323,37.3833,50.066700000000004
34312,10,Velykyi Burluk,174,34312,NA,NA,6.927859237536657,2.702919708029197,12.267659574468086,2.1144927536231886,10,341,37.3833,50.066700000000004
34312,11,Velykyi Burluk,174,34312,NA,NA,1.5284057971014493,-0.5728522336769759,4.410548523206751,2.573943661971831,17.285714285714285,345,37.3833,50.066700000000004
34312,12,Velykyi Burluk,174,34312,NA,NA,-4.037967914438503,-5.931407942238267,-1.8136363636363637,1.8475308641975308,89.88524590163935,374,37.3833,50.066700000000004
34319,1,Kupians'K,87,34319,NA,NA,-4.283391608391608,-6.625181598062954,-1.0415549597855227,2.3345890410958905,89.30645161290323,572,37.699999999999996,49.6333
34319,2,Kupians'K,87,34319,NA,NA,-3.274745417515275,-6.189826302729529,-0.028612716763005766,1.908,86.2394366197183,491,37.699999999999996,49.6333
34319,3,Kupians'K,87,34319,NA,NA,1.8339655172413794,-1.744144144144144,6.26320987654321,2.305576208178439,113.90625,580,37.699999999999996,49.6333
34319,4,Kupians'K,87,34319,NA,NA,10.176311030741411,5.090909090909091,16.193523316062176,2.484549356223176,75,553,37.699999999999996,49.6333
34319,5,Kupians'K,87,34319,NA,NA,15.793893129770993,9.38128078817734,21.388385269121812,2.4829787234042553,NA,524,37.699999999999996,49.6333
34319,6,Kupians'K,87,34319,NA,NA,19.351020408163265,13.720298507462687,25.013993174061433,4.402139037433155,NA,441,37.699999999999996,49.6333
34319,7,Kupians'K,87,34319,NA,NA,22.249308755760367,16.528895184135976,28.86090909090909,3.8763313609467454,NA,434,37.699999999999996,49.6333
34319,8,Kupians'K,87,34319,NA,NA,21.803496503496504,15.69737609329446,28.8003125,2.1256944444444446,NA,429,37.699999999999996,49.6333
34319,9,Kupians'K,87,34319,NA,NA,14.781970649895179,9.567352185089975,21.591404011461318,2.2361842105263157,NA,477,37.699999999999996,49.6333
34319,10,Kupians'K,87,34319,NA,NA,8.011372549019608,3.560199004975124,13.363483146067416,3.1203488372093022,NA,510,37.699999999999996,49.6333
34319,11,Kupians'K,87,34319,NA,NA,2.599802371541502,0.11119402985074629,5.569034090909091,2.5563318777292574,32.76923076923077,506,37.699999999999996,49.6333
34319,12,Kupians'K,87,34319,NA,NA,-2.71873840445269,-4.905050505050505,-0.12307692307692308,2.726938775510204,129.37313432835822,539,37.699999999999996,49.6333
34321,1,Valujki,112,34321,NA,NA,-5.020915712799168,-7.8539915966386555,-2.2859391395592863,1.5121875,156.36501901140684,961,38.10000000000001,50.2167
34321,2,Valujki,112,34321,NA,NA,-4.1463470319634705,-7.415473441108545,-0.9002293577981652,1.4613013698630137,157.94117647058823,876,38.10000000000001,50.2167
34321,3,Valujki,112,34321,NA,NA,1.1433922996878252,-2.7493723849372387,5.269157894736842,1.191363163371488,148.88888888888889,961,38.10000000000001,50.2167
34321,4,Valujki,112,34321,NA,NA,9.810537634408602,4.209297297297297,15.598494623655913,1.394516129032258,86.3076923076923,930,38.10000000000001,50.2167
34321,5,Valujki,112,34321,NA,NA,15.702854122621565,9.218230277185501,21.97019027484144,1.6005285412262156,NA,946,38.10000000000001,50.2167
34321,6,Valujki,112,34321,NA,NA,19.767777777777777,13.390848214285715,25.86840934371524,2.274111111111111,NA,900,38.10000000000001,50.2167
34321,7,Valujki,112,34321,NA,NA,21.775913978494625,15.39912854030501,28.085205183585312,2.4049462365591396,NA,930,38.10000000000001,50.2167
34321,8,Valujki,112,34321,NA,NA,20.696989247311826,13.91991341991342,27.592357373519913,1.1825806451612904,NA,930,38.10000000000001,50.2167
34321,9,Valujki,112,34321,NA,NA,14.575973303670745,8.562022471910112,20.959598214285716,1.4382222222222223,NA,900,38.10000000000001,50.2167
34321,10,Valujki,112,34321,NA,NA,8.02462365591398,3.5358778625954197,12.952883569096844,1.5749462365591398,10,930,38.10000000000001,50.2167
34321,11,Valujki,112,34321,NA,NA,1.7642222222222221,-1.1134615384615385,4.77880496054115,1.5630700778642936,67.14814814814815,900,38.10000000000001,50.2167
34321,12,Valujki,112,34321,NA,NA,-3.0694623655913977,-5.717434210526315,-0.55,1.610752688172043,86.83937823834196,930,38.10000000000001,50.2167
34336,1,Bogucar,83,34336,NA,NA,-5.362708333333333,-8.27630662020906,-2.753445635528331,1.7400398406374502,126.11224489795919,960,40.566700000000004,49.93330000000001
34336,2,Bogucar,83,34336,NA,NA,-4.5307077625570775,-7.893696763202726,-1.41797583081571,1.4293598233995586,163.89002932551318,876,40.566700000000004,49.93330000000001
34336,3,Bogucar,83,34336,NA,NA,1.05525494276795,-3.223562412342216,5.404166666666667,1.2559686888454011,148.16971279373368,961,40.566700000000004,49.93330000000001
34336,4,Bogucar,83,34336,NA,NA,10.184301075268817,4.20531208499336,15.974383078730904,1.4356846473029046,125.78260869565217,930,40.566700000000004,49.93330000000001
34336,5,Bogucar,83,34336,NA,NA,16.319450317124737,9.650573248407643,22.3501775147929,1.6418947368421053,NA,946,40.566700000000004,49.93330000000001
34336,6,Bogucar,83,34336,NA,NA,20.65467706013363,14.392226613965745,26.8675,1.9309954751131222,NA,898,40.566700000000004,49.93330000000001
34336,7,Bogucar,83,34336,NA,NA,22.796236559139786,16.268238213399503,29.182874251497005,1.8497727272727271,NA,930,40.566700000000004,49.93330000000001
34336,8,Bogucar,83,34336,NA,NA,21.754849137931036,14.761606022584692,28.726164874551973,1.5547945205479452,NA,928,40.566700000000004,49.93330000000001
34336,9,Bogucar,83,34336,NA,NA,15.158398220244717,8.913,21.79255583126551,1.5008948545861298,NA,899,40.566700000000004,49.93330000000001
34336,10,Bogucar,83,34336,NA,NA,8.306350914962325,3.5450222882615154,13.36944099378882,1.7131696428571428,20.166666666666668,929,40.566700000000004,49.93330000000001
34336,11,Bogucar,83,34336,NA,NA,1.7583982202447164,-1.21340206185567,4.922970903522205,1.5135632183908045,73.76515151515152,899,40.566700000000004,49.93330000000001
34336,12,Bogucar,83,34336,NA,NA,-3.284516129032258,-6.0470899470899475,-0.9409893992932862,2.0569565217391306,92.45360824742268,930,40.566700000000004,49.93330000000001
34409,1,Lozova,175,34409,NA,NA,-4.432773109243698,-6.244548286604362,-1.5367041198501872,2.4714285714285715,97.35606060606061,476,36.3167,48.9
34409,2,Lozova,175,34409,NA,NA,-3.645635910224439,-6.4814332247557,-0.6441767068273092,2.7477124183006536,97.47887323943662,401,36.3167,48.9
34409,3,Lozova,175,34409,NA,NA,1.7233954451345757,-1.2692307692307692,5.84327868852459,3.0538461538461537,150.85,483,36.3167,48.9
34409,4,Lozova,175,34409,NA,NA,9.7189010989011,5.0462235649546825,15.684805653710248,3.4145833333333333,114.5,455,36.3167,48.9
34409,5,Lozova,175,34409,NA,NA,15.892540792540792,10.18032258064516,21.397165991902835,4.908450704225352,NA,429,36.3167,48.9
34409,6,Lozova,175,34409,NA,NA,18.782285714285713,13.96844262295082,24.418274111675128,5.476,NA,350,36.3167,48.9
34409,7,Lozova,175,34409,NA,NA,21.711627906976744,16.4203007518797,28.14059829059829,5.553424657534246,NA,344,36.3167,48.9
34409,8,Lozova,175,34409,NA,NA,21.216964285714287,15.392213114754098,27.918552036199095,8.893617021276595,NA,336,36.3167,48.9
34409,9,Lozova,175,34409,NA,NA,15.153886010362694,10.532203389830508,21.71372549019608,5.107142857142857,NA,386,36.3167,48.9
34409,10,Lozova,175,34409,NA,NA,8.051190476190476,4.346103896103896,13.319330855018586,3.8102941176470586,1080,420,36.3167,48.9
34409,11,Lozova,175,34409,NA,NA,2.3570048309178744,0.20191082802547772,5.163837638376384,3.3145299145299147,23.75,414,36.3167,48.9
34409,12,Lozova,175,34409,NA,NA,-3.228988764044944,-5.452396166134185,-1.2072649572649572,2.25,53.11940298507463,445,36.3167,48.9
34415,1,Izium,77,34415,NA,NA,-4.025219298245614,-6.721602288984263,-1.168011126564673,2.9527938342967244,105.28571428571429,912,37.300000000000004,49.1833
34415,2,Izium,77,34415,NA,NA,-3.1337677725118485,-6.452230215827338,0.4877318116975749,2.300875273522976,121.15669014084507,844,37.300000000000004,49.1833
34415,3,Izium,77,34415,NA,NA,1.9976520811099252,-1.9609597924773021,6.883129584352078,2.4670912951167727,119.82636655948554,937,37.300000000000004,49.1833
34415,4,Izium,77,34415,NA,NA,10.053289473684211,4.2375647668393785,16.394538834951458,3.204424778761062,35.2,912,37.300000000000004,49.1833
34415,5,Izium,77,34415,NA,NA,15.882259887005649,9.148484848484848,22.78908406524467,3.2854671280276815,NA,885,37.300000000000004,49.1833
34415,6,Izium,77,34415,NA,NA,20.21316098707403,13.59429347826087,26.92503242542153,4.207986111111111,NA,851,37.300000000000004,49.1833
34415,7,Izium,77,34415,NA,NA,22.252719200887903,15.604980842911877,29.27933094384707,3.2473684210526317,NA,901,37.300000000000004,49.1833
34415,8,Izium,77,34415,NA,NA,21.18991888760139,14.151044386422976,28.634620024125454,3.4229787234042552,NA,893,37.300000000000004,49.1833
34415,9,Izium,77,34415,NA,NA,14.777441860465116,8.393191489361701,22.182647814910027,4.192181069958848,NA,864,37.300000000000004,49.1833
34415,10,Izium,77,34415,NA,NA,8.213531353135313,3.427887323943662,13.926598465473147,4.024444444444445,NA,909,37.300000000000004,49.1833
34415,11,Izium,77,34415,NA,NA,2.607918552036199,-0.09438040345821326,6.061643835616438,2.761636828644501,54.62626262626262,884,37.300000000000004,49.1833
34415,12,Izium,77,34415,NA,NA,-2.0915570175438596,-4.738606676342525,0.6549107142857143,2.4572687224669605,68.4496487119438,912,37.300000000000004,49.1833
34421,1,Svatove,86,34421,NA,NA,-3.824644549763033,-5.642654028436019,-1.0138728323699422,3.4101123595505616,NA,250,38.16669999999999,49.4167
34421,2,Svatove,86,34421,NA,NA,-4.566666666666666,-7.004366812227074,-1.4617647058823529,2.835,NA,249,38.16669999999999,49.4167
34421,3,Svatove,86,34421,NA,NA,1.522689075630252,-2.143265306122449,5.976119402985074,2.692222222222222,NA,282,38.16669999999999,49.4167
34421,4,Svatove,86,34421,NA,NA,8.895433789954337,4.0796536796536795,16.226153846153846,3.236065573770492,NA,266,38.16669999999999,49.4167
34421,5,Svatove,86,34421,NA,NA,15.539423076923077,8.808095238095238,22.15251396648045,17.963157894736842,NA,252,38.16669999999999,49.4167
34421,6,Svatove,86,34421,NA,NA,18.824043715846994,12.695530726256983,25.010759493670886,5.857746478873239,NA,223,38.16669999999999,49.4167
34421,7,Svatove,86,34421,NA,NA,21.73220338983051,15.827225130890053,29.376404494382022,5.318518518518519,NA,223,38.16669999999999,49.4167
34421,8,Svatove,86,34421,NA,NA,20.613548387096774,14.347058823529412,28.253086419753085,5.24375,NA,213,38.16669999999999,49.4167
34421,9,Svatove,86,34421,NA,NA,13.964864864864865,9.1453125,21.38888888888889,6.0200000000000005,NA,237,38.16669999999999,49.4167
34421,10,Svatove,86,34421,NA,NA,7.980392156862745,3.9723300970873785,13.233125,4.762222222222222,NA,259,38.16669999999999,49.4167
34421,11,Svatove,86,34421,NA,NA,2.2762135922330096,-0.05205479452054794,5.110975609756098,3.5819444444444444,NA,254,38.16669999999999,49.4167
34421,12,Svatove,86,34421,NA,NA,-2.605769230769231,-5.275113122171946,-0.8169811320754717,2.123157894736842,NA,263,38.16669999999999,49.4167
34432,1,Certkovo,0,34432,NA,NA,-5.34726507713885,-8.01123470522803,-2.5,1.6225806451612903,79.84782608695652,899,40.1667,49.383300000000006
34432,2,Certkovo,0,34432,NA,NA,-4.829384615384615,-7.349450549450549,-1.040903540903541,1.3894993894993894,148.1315789473684,819,40.1667,49.383300000000006
34432,3,Certkovo,0,34432,NA,NA,0.6433380084151472,-2.5992213570634037,5.560845383759733,1.264849833147942,228,899,40.1667,49.383300000000006
34432,4,Certkovo,0,34432,NA,NA,10.115652173913043,4.715977011494253,16.23471264367816,1.3775862068965516,1195,870,40.1667,49.383300000000006
34432,5,Certkovo,0,34432,NA,NA,15.993103448275862,10.004535147392291,22.719274376417232,1.4408163265306122,NA,882,40.1667,49.383300000000006
34432,6,Certkovo,0,34432,NA,NA,20.307727272727274,14.28452380952381,26.937023809523808,1.9942857142857142,NA,840,40.1667,49.383300000000006
34432,7,Certkovo,0,34432,NA,NA,22.83157894736842,16.689302884615383,29.323677884615385,2.1436298076923075,NA,832,40.1667,49.383300000000006
34432,8,Certkovo,0,34432,NA,NA,21.736405529953917,15.324731182795698,29.084229390681003,0.9455197132616487,NA,837,40.1667,49.383300000000006
34432,9,Certkovo,0,34432,NA,NA,15.310634920634921,9.721111111111112,22.084444444444443,1.5014814814814814,NA,810,40.1667,49.383300000000006
34432,10,Certkovo,0,34432,NA,NA,8.483717357910907,4.234408602150538,13.272281959378734,1.4863799283154122,NA,837,40.1667,49.383300000000006
34432,11,Certkovo,0,34432,NA,NA,1.8931746031746033,-0.844320987654321,5.195802469135803,1.4250617283950617,32.666666666666664,810,40.1667,49.383300000000006
34432,12,Certkovo,0,34432,NA,NA,-3.520808383233533,-5.595667447306791,-0.5332552693208431,1.6917936694021103,69.23809523809524,854,40.1667,49.383300000000006
34434,1,Bilovods'K,74,34434,NA,NA,-5.106940063091483,-7.28671875,-1.3483412322274881,2.837410071942446,156.95238095238096,317,39.5833,49.2167
34434,2,Bilovods'K,74,34434,NA,NA,-4.270979020979021,-7.382936507936508,-0.9183783783783784,2.5107913669064748,191.8,286,39.5833,49.2167
34434,3,Bilovods'K,74,34434,NA,NA,1.0508982035928143,-2.9384615384615382,6.243589743589744,2.488034188034188,231.5,334,39.5833,49.2167
34434,4,Bilovods'K,74,34434,NA,NA,8.594174757281554,2.1852830188679246,15.985714285714286,2.783333333333333,NA,309,39.5833,49.2167
34434,5,Bilovods'K,74,34434,NA,NA,14.210108303249097,6.759825327510917,22.236216216216217,2.773015873015873,NA,277,39.5833,49.2167
34434,6,Bilovods'K,74,34434,NA,NA,18.145945945945947,11.410582010582011,25.243225806451612,4.3931506849315065,NA,222,39.5833,49.2167
34434,7,Bilovods'K,74,34434,NA,NA,21.22232142857143,14.76951871657754,29.356896551724137,6.097260273972603,NA,224,39.5833,49.2167
34434,8,Bilovods'K,74,34434,NA,NA,20.17735849056604,12.940963855421687,28.565625,3.773170731707317,NA,212,39.5833,49.2167
34434,9,Bilovods'K,74,34434,NA,NA,13.45672268907563,7.766666666666667,21.26564417177914,5.266071428571428,NA,238,39.5833,49.2167
34434,10,Bilovods'K,74,34434,NA,NA,7.53587786259542,2.875845410628019,13.179012345679013,5.949180327868852,NA,263,39.5833,49.2167
34434,11,Bilovods'K,74,34434,NA,NA,2.027037037037037,-0.7021459227467811,5.086826347305389,2.791346153846154,NA,270,39.5833,49.2167
34434,12,Bilovods'K,74,34434,NA,NA,-3.826,-6.475206611570248,-1.2885057471264367,1.6876033057851239,128.21428571428572,300,39.5833,49.2167
34438,1,Millerovo,0,34438,NA,NA,NA,NA,NA,1.135483870967742,NA,93,40.3833,48.9333
34438,2,Millerovo,0,34438,NA,NA,NA,NA,NA,1.0952941176470588,NA,85,40.3833,48.9333
34438,3,Millerovo,0,34438,NA,NA,NA,NA,NA,0.9473118279569892,NA,93,40.3833,48.9333
34438,4,Millerovo,0,34438,NA,NA,NA,NA,NA,1.1166666666666667,NA,90,40.3833,48.9333
34438,5,Millerovo,0,34438,NA,NA,NA,NA,NA,1.3096774193548386,NA,93,40.3833,48.9333
34438,6,Millerovo,0,34438,NA,NA,NA,NA,NA,2.7344444444444442,NA,90,40.3833,48.9333
34438,7,Millerovo,0,34438,NA,NA,NA,NA,NA,2.161290322580645,NA,62,40.3833,48.9333
34438,8,Millerovo,0,34438,NA,NA,NA,NA,NA,1.114516129032258,NA,62,40.3833,48.9333
34438,9,Millerovo,0,34438,NA,NA,NA,NA,NA,1.3183333333333334,NA,60,40.3833,48.9333
34438,10,Millerovo,0,34438,NA,NA,NA,NA,NA,0.7725806451612903,NA,62,40.3833,48.9333
34438,11,Millerovo,0,34438,NA,NA,NA,NA,NA,1.5633333333333335,NA,60,40.3833,48.9333
34438,12,Millerovo,0,34438,NA,NA,NA,NA,NA,1.2870967741935484,NA,62,40.3833,48.9333
34509,1,Chaplyne,173,34509,NA,NA,-3.784842105263158,-5.7338509316770185,-0.7840304182509505,3.0358381502890173,89.28828828828829,475,36.23330000000001,48.1333
34509,2,Chaplyne,173,34509,NA,NA,-2.7660146699266503,-5.336741214057508,0.14031007751937982,2.4225274725274724,69.31111111111112,409,36.23330000000001,48.1333
34509,3,Chaplyne,173,34509,NA,NA,2.265217391304348,-1.0198275862068966,6.718120805369128,3.1254335260115607,79.82352941176471,483,36.23330000000001,48.1333
34509,4,Chaplyne,173,34509,NA,NA,9.786825053995681,5.034626865671642,15.836610169491525,3.1771929824561402,10,463,36.23330000000001,48.1333
34509,5,Chaplyne,173,34509,NA,NA,15.88169014084507,10.190819672131148,21.8972,4.706410256410257,NA,426,36.23330000000001,48.1333
34509,6,Chaplyne,173,34509,NA,NA,18.955524079320114,14.08531746031746,24.695979899497488,6.378481012658228,NA,353,36.23330000000001,48.1333
34509,7,Chaplyne,173,34509,NA,NA,22.004970760233917,16.522433460076044,28.70042194092827,4.382926829268293,NA,342,36.23330000000001,48.1333
34509,8,Chaplyne,173,34509,NA,NA,21.525225225225224,15.436065573770492,28.442152466367713,5.57,NA,333,36.23330000000001,48.1333
34509,9,Chaplyne,173,34509,NA,NA,15.550129198966408,11.167905405405405,22.413127413127413,4.31875,NA,387,36.23330000000001,48.1333
34509,10,Chaplyne,173,34509,NA,NA,8.513157894736842,4.738658146964856,14.169811320754716,3.14025974025974,NA,418,36.23330000000001,48.1333
34509,11,Chaplyne,173,34509,NA,NA,2.8350961538461537,0.5449044585987262,5.724817518248175,2.9584507042253523,35.714285714285715,416,36.23330000000001,48.1333
34509,12,Chaplyne,173,34509,NA,NA,-2.679862700228833,-4.726797385620915,-0.48504273504273504,2.391390728476821,79.14754098360656,437,36.23330000000001,48.1333
34510,1,Artemivs'K,123,34510,NA,NA,-3.974844074844075,-6.068847352024922,-0.21312056737588653,3.3196629213483146,73.67669172932331,481,37.9833,48.6
34510,2,Artemivs'K,123,34510,NA,NA,-3.008415841584158,-6.1663366336633665,0.7525291828793774,2.2950310559006213,129.4,404,37.9833,48.6
34510,3,Artemivs'K,123,34510,NA,NA,2.3303643724696355,-1.4176966292134832,7.433223684210526,2.365644171779141,124.78125,494,37.9833,48.6
34510,4,Artemivs'K,123,34510,NA,NA,9.786695278969956,4.152710843373494,16.364948453608246,3.8675925925925925,NA,466,37.9833,48.6
34510,5,Artemivs'K,123,34510,NA,NA,15.721990740740742,8.47672131147541,22.21496062992126,3.7492753623188406,NA,432,37.9833,48.6
34510,6,Artemivs'K,123,34510,NA,NA,18.968091168091167,12.5675,25.718592964824122,6.592307692307692,NA,351,37.9833,48.6
34510,7,Artemivs'K,123,34510,NA,NA,22.082111436950147,15.352255639097745,29.6390756302521,7.30625,NA,341,37.9833,48.6
34510,8,Artemivs'K,123,34510,NA,NA,21.198219584569735,13.803187250996016,29.256888888888888,7.230769230769231,NA,337,37.9833,48.6
34510,9,Artemivs'K,123,34510,NA,NA,15.080103359173126,9.411333333333333,23.048249027237354,5.860344827586207,NA,387,37.9833,48.6
34510,10,Artemivs'K,123,34510,NA,NA,8.129216152019003,3.288424437299035,14.335793357933579,3.7940298507462686,NA,421,37.9833,48.6
34510,11,Artemivs'K,123,34510,NA,NA,2.7721822541966428,-0.038801261829652996,6.120454545454545,3.1188524590163933,24.571428571428573,417,37.9833,48.6
34510,12,Artemivs'K,123,34510,NA,NA,-2.5909706546275397,-5.3581168831168835,-0.18960000000000002,2.308029197080292,83.13513513513513,443,37.9833,48.6
34514,1,Aleksandropol,125,34514,NA,NA,-3.986923076923077,-5.308450704225352,-0.7619883040935672,2.769230769230769,NA,260,36.55,48.6
34514,2,Aleksandropol,125,34514,NA,NA,-3.931325301204819,-6.285398230088496,-1.193167701863354,2.4692307692307693,NA,249,36.55,48.6
34514,3,Aleksandropol,125,34514,NA,NA,1.7842657342657342,-1.1907258064516129,6.261083743842365,2.374590163934426,NA,286,36.55,48.6
34514,4,Aleksandropol,125,34514,NA,NA,9.214492753623189,4.790376569037657,15.347979797979798,3.228169014084507,NA,276,36.55,48.6
34514,5,Aleksandropol,125,34514,NA,NA,15.135483870967741,9.746039603960396,21.722285714285714,3.290909090909091,NA,248,36.55,48.6
34514,6,Aleksandropol,125,34514,NA,NA,18.566515837104074,13.828191489361702,24.44871794871795,6.1537313432835825,NA,221,36.55,48.6
34514,7,Aleksandropol,125,34514,NA,NA,22.042272727272728,16.902162162162163,28.840350877192982,7.5055555555555555,NA,220,36.55,48.6
34514,8,Aleksandropol,125,34514,NA,NA,21.21745283018868,15.617682926829268,27.926751592356688,7.387878787878788,NA,212,36.55,48.6
34514,9,Aleksandropol,125,34514,NA,NA,14.497058823529411,10.3390625,20.67421383647799,4.535185185185185,NA,238,36.55,48.6
34514,10,Aleksandropol,125,34514,NA,NA,8.21003861003861,4.271770334928229,13.122222222222222,3.8981132075471696,NA,259,36.55,48.6
34514,11,Aleksandropol,125,34514,NA,NA,2.524505928853755,0.5577777777777778,5.369135802469136,2.9448979591836735,NA,253,36.55,48.6
34514,12,Aleksandropol,125,34514,NA,NA,-2.806060606060606,-4.829357798165137,-0.9584415584415584,1.966355140186916,NA,264,36.55,48.6
34519,1,Donets'K,224,34519,NA,UKCC,-3.6512960436562074,-5.565901060070671,-0.7696226415094339,1.9958188153310104,88.01634877384195,733,37.7667,48.0667
34519,2,Donets'K,224,34519,NA,UKCC,-3.1744152046783625,-5.581834862385321,-0.07475728155339804,1.9085271317829458,147.11436170212767,684,37.7667,48.0667
34519,3,Donets'K,224,34519,NA,UKCC,1.942983565107459,-1.3185692541856926,6.213186813186813,5.758730158730159,119.1344537815126,791,37.7667,48.0667
34519,4,Donets'K,224,34519,NA,UKCC,10.060338101430428,5.267751937984496,15.275725190839694,3.544,555.7142857142857,770,37.7667,48.0667
34519,5,Donets'K,224,34519,NA,UKCC,15.805874673629242,10.27745398773006,21.297913561847988,5.558119658119658,NA,766,37.7667,48.0667
34519,6,Donets'K,224,34519,NA,UKCC,19.94715909090909,14.476752136752136,25.449087893864014,5.166225165562914,NA,704,37.7667,48.0667
34519,7,Donets'K,224,34519,NA,UKCC,22.4724,16.53532258064516,28.422153846153847,4.8251968503937,NA,751,37.7667,48.0667
34519,8,Donets'K,224,34519,NA,UKCC,21.596133333333334,15.727732463295268,27.6701726844584,4.415094339622642,NA,751,37.7667,48.0667
34519,9,Donets'K,224,34519,NA,UKCC,15.371983356449375,10.203333333333333,21.29900166389351,4.973553719008264,NA,722,37.7667,48.0667
34519,10,Donets'K,224,34519,NA,UKCC,9.09475753604194,5.314950166112957,13.925039619651347,4.772881355932204,31.625,763,37.7667,48.0667
34519,11,Donets'K,224,34519,NA,UKCC,2.9147098515519567,0.5272887323943662,6.158333333333333,3.163068181818182,57.44117647058823,741,37.7667,48.0667
34519,12,Donets'K,224,34519,NA,UKCC,-2.0894875164257556,-4.31710758377425,0.23101503759398498,2.5184100418410043,75.03103448275863,761,37.7667,48.0667
34523,1,Luhans'K,59,34523,NA,NA,-4.201827242524917,-6.774208860759494,-0.9820872274143302,1.1560581583198708,74.5050505050505,651,39.25,48.566700000000004
34523,2,Luhans'K,59,34523,NA,NA,-3.7502673796791446,-6.844905008635578,0.3071307300509338,1.2095323741007193,104.08051948051948,593,39.25,48.566700000000004
34523,3,Luhans'K,59,34523,NA,NA,1.848407643312102,-1.8940251572327045,6.679134466769706,1.1759472817133443,86.54301075268818,651,39.25,48.566700000000004
34523,4,Luhans'K,59,34523,NA,NA,10.249346405228758,4.4948136142625605,16.589507154213038,1.2010344827586208,110.5,630,39.25,48.566700000000004
34523,5,Luhans'K,59,34523,NA,NA,16.433728813559323,9.636180124223603,23.516129032258064,1.4285953177257524,NA,651,39.25,48.566700000000004
34523,6,Luhans'K,59,34523,NA,NA,20.363541666666666,13.858587479935794,27.302866242038217,2.064878892733564,NA,630,39.25,48.566700000000004
34523,7,Luhans'K,59,34523,NA,NA,23.09046822742475,16.395345104333867,30.01232,1.7195615514333895,NA,626,39.25,48.566700000000004
34523,8,Luhans'K,59,34523,NA,NA,21.535507246376813,14.69,29.306300484652667,1.0951013513513514,NA,620,39.25,48.566700000000004
34523,9,Luhans'K,59,34523,NA,NA,15.184656084656085,9.36,22.543333333333333,1.5656410256410256,NA,600,39.25,48.566700000000004
34523,10,Luhans'K,59,34523,NA,NA,8.796339434276206,4.5124794745484405,14.405322580645162,1.4006688963210703,16.666666666666668,620,39.25,48.566700000000004
34523,11,Luhans'K,59,34523,NA,NA,2.85736301369863,-0.3746192893401015,6.479,1.1956521739130435,57.54838709677419,600,39.25,48.566700000000004
34523,12,Luhans'K,59,34523,NA,NA,-2.367107438016529,-5.046546052631579,0.5074796747967479,1.3715,67.4949494949495,620,39.25,48.566700000000004
34524,1,Debal'Tseve,334,34524,NA,NA,-5.124950099800399,-7.274945533769063,-2.2363849765258217,1.638551401869159,137.65151515151516,501,38.4333,48.35
34524,2,Debal'Tseve,334,34524,NA,NA,-4.723963133640553,-7.376832151300237,-1.662565445026178,1.5958441558441558,138.73684210526315,434,38.4333,48.35
34524,3,Debal'Tseve,334,34524,NA,NA,0.26163522012578616,-2.8224444444444443,4.0945238095238095,1.583816425120773,112.29411764705883,477,38.4333,48.35
34524,4,Debal'Tseve,334,34524,NA,NA,8.841865509761389,4.545330296127562,14.341075794621027,1.633248081841432,NA,461,38.4333,48.35
34524,5,Debal'Tseve,334,34524,NA,NA,14.87304347826087,10.041627906976744,20.646683046683048,1.4267175572519084,NA,460,38.4333,48.35
34524,6,Debal'Tseve,334,34524,NA,NA,18.678026905829597,14.006103286384976,24.40940594059406,2.156806282722513,NA,446,38.4333,48.35
34524,7,Debal'Tseve,334,34524,NA,NA,21.580855855855855,16.698812351543943,27.53309523809524,2.3008241758241756,NA,444,38.4333,48.35
34524,8,Debal'Tseve,334,34524,NA,NA,20.804555808656037,15.529925187032418,26.656968215158923,1.2908309455587392,NA,439,38.4333,48.35
34524,9,Debal'Tseve,334,34524,NA,NA,14.695833333333333,10.039201877934273,20.458333333333332,1.7647564469914039,NA,456,38.4333,48.35
34524,10,Debal'Tseve,334,34524,NA,NA,7.926326963906582,4.22551724137931,12.400959232613909,1.6842105263157894,61,471,38.4333,48.35
34524,11,Debal'Tseve,334,34524,NA,NA,0.9624190064794816,-1.5658314350797267,4.041176470588235,1.7262032085561498,14.555555555555555,463,38.4333,48.35
34524,12,Debal'Tseve,334,34524,NA,NA,-4.070575692963753,-6.557075471698113,-1.7595907928388748,1.5940104166666667,87.52,469,38.4333,48.35
34535,1,Kamensk-Sahtinskij,57,34535,NA,NA,-2.5612466124661246,-5.948314606741573,0.05505226480836236,1.4725806451612904,77.65671641791045,403,40.300000000000004,48.3
34535,2,Kamensk-Sahtinskij,57,34535,NA,NA,-1.3994082840236686,-4.569348659003832,1.8254355400696864,1.2244712990936555,47.98692810457516,367,40.300000000000004,48.3
34535,3,Kamensk-Sahtinskij,57,34535,NA,NA,3.086375321336761,-1.3878205128205128,7.981602373887241,1.0045563549160672,67.32835820895522,423,40.300000000000004,48.3
34535,4,Kamensk-Sahtinskij,57,34535,NA,NA,11.6945,6.433513513513513,17.40340136054422,1.6682242990654206,2339,245,40.300000000000004,48.3
34535,5,Kamensk-Sahtinskij,57,34535,NA,NA,17.201801801801803,10.785204081632653,20.533333333333335,1.6842364532019705,NA,262,40.300000000000004,48.3
34535,6,Kamensk-Sahtinskij,57,34535,NA,NA,21.351933701657458,15.478980891719745,26.363829787234042,2.2433155080213902,NA,247,40.300000000000004,48.3
34535,7,Kamensk-Sahtinskij,57,34535,NA,NA,23.79948979591837,17.53757225433526,29.244761904761905,1.5085365853658537,NA,232,40.300000000000004,48.3
34535,8,Kamensk-Sahtinskij,57,34535,NA,NA,24.310775862068965,18.065656565656564,30.872388059701493,1.4411042944785275,NA,266,40.300000000000004,48.3
34535,9,Kamensk-Sahtinskij,57,34535,NA,NA,16.78372093023256,11.089005235602095,22.7203125,1.6866242038216561,NA,245,40.300000000000004,48.3
34535,10,Kamensk-Sahtinskij,57,34535,NA,NA,9.666492146596859,4.792261904761904,15.360869565217392,2.040993788819876,NA,225,40.300000000000004,48.3
34535,11,Kamensk-Sahtinskij,57,34535,NA,NA,3.1704268292682927,-0.0037344398340248895,6.915942028985508,1.328362573099415,43.80487804878049,361,40.300000000000004,48.3
34535,12,Kamensk-Sahtinskij,57,34535,NA,NA,-1.3264880952380953,-3.6984,1.5670411985018726,1.4327868852459016,52.41935483870968,374,40.300000000000004,48.3
34537,1,Dar'Ivka,300,34537,NA,NA,-5.289181286549708,-6.808582089552239,-1.895890410958904,2.9993975903614456,109.60344827586206,342,39.5,48.083299999999994
34537,2,Dar'Ivka,300,34537,NA,NA,-4.2972222222222225,-6.693227091633466,-1.6099476439790577,2.5037037037037035,169.36363636363637,288,39.5,48.083299999999994
34537,3,Dar'Ivka,300,34537,NA,NA,0.8981981981981982,-2.0138297872340427,5.032217573221757,2.541891891891892,112.21428571428571,333,39.5,48.083299999999994
34537,4,Dar'Ivka,300,34537,NA,NA,8.785576923076922,4.851698113207547,14.364545454545455,2.6925925925925926,NA,312,39.5,48.083299999999994
34537,5,Dar'Ivka,300,34537,NA,NA,14.744688644688646,10.00344827586207,20.54074074074074,3.9532467532467535,NA,273,39.5,48.083299999999994
34537,6,Dar'Ivka,300,34537,NA,NA,18.534841628959278,14.062433862433862,23.824203821656052,4.674358974358975,NA,221,39.5,48.083299999999994
34537,7,Dar'Ivka,300,34537,NA,NA,21.929527559055117,17.346153846153847,27.975490196078432,3.9847058823529413,NA,254,39.5,48.083299999999994
34537,8,Dar'Ivka,300,34537,NA,NA,21.768372093023256,16.73391812865497,27.643827160493828,4.559183673469388,NA,215,39.5,48.083299999999994
34537,9,Dar'Ivka,300,34537,NA,NA,14.841608391608391,10.658995815899582,20.59951690821256,4.2956521739130435,NA,286,39.5,48.083299999999994
34537,10,Dar'Ivka,300,34537,NA,NA,8.169677419354839,4.692125984251969,12.716666666666667,3.3670731707317074,NA,310,39.5,48.083299999999994
34537,11,Dar'Ivka,300,34537,NA,NA,1.6131661442006269,-0.4313868613138686,4.191780821917808,3.3432,13.875,319,39.5,48.083299999999994
34537,12,Dar'Ivka,300,34537,NA,NA,-4.081231671554252,-6.216849816849817,-1.9526041666666667,1.9181818181818182,94.5945945945946,341,39.5,48.083299999999994
34606,1,Gulyaypole,135,34606,NA,NA,-3.5137614678899083,-5.58007662835249,0.07342995169082125,3.7600000000000002,85.27906976744185,327,36.25,47.6667
34606,2,Gulyaypole,135,34606,NA,NA,-2.6733333333333333,-5.4487903225806456,0.28324324324324324,3.1294871794871795,104.9090909090909,285,36.25,47.6667
34606,3,Gulyaypole,135,34606,NA,NA,2.5382978723404257,-1.1124113475177304,7.393697478991597,3.438823529411765,40.083333333333336,329,36.25,47.6667
34606,4,Gulyaypole,135,34606,NA,NA,9.219354838709677,3.71390977443609,16.110550458715597,3.0666666666666664,NA,311,36.25,47.6667
34606,5,Gulyaypole,135,34606,NA,NA,15.259701492537314,8.220089285714286,22.70108695652174,4.578947368421052,NA,268,36.25,47.6667
34606,6,Gulyaypole,135,34606,NA,NA,18.919909502262442,12.629189189189189,25.300641025641024,6.202127659574468,NA,221,36.25,47.6667
34606,7,Gulyaypole,135,34606,NA,NA,22.381165919282513,15.768783068783069,30.015428571428572,8.145945945945947,NA,223,36.25,47.6667
34606,8,Gulyaypole,135,34606,NA,NA,21.716901408450703,14.612195121951219,29.213291139240507,7.791304347826087,NA,213,36.25,47.6667
34606,9,Gulyaypole,135,34606,NA,NA,15.00418410041841,9.836410256410256,22.120886075949368,5.668292682926829,NA,239,36.25,47.6667
34606,10,Gulyaypole,135,34606,NA,NA,8.753207547169811,4.352682926829268,14.41358024691358,5.030769230769231,NA,265,36.25,47.6667
34606,11,Gulyaypole,135,34606,NA,NA,3.358671586715867,0.9,6.558333333333334,4.1682539682539685,NA,271,36.25,47.6667
34606,12,Gulyaypole,135,34606,NA,NA,-2.1643333333333334,-4.763636363636364,0.19239766081871343,3.466666666666667,101.07692307692308,300,36.25,47.6667
34609,1,Kyrylivka,221,34609,NA,NA,-3.5605427974947808,-5.714241486068111,-0.4667870036101083,3.7411764705882353,88.36538461538461,479,36.3333,47.3333
34609,2,Kyrylivka,221,34609,NA,NA,-2.6402439024390243,-5.52636655948553,0.6170542635658914,2.2024539877300615,157.6153846153846,411,36.3333,47.3333
34609,3,Kyrylivka,221,34609,NA,NA,2.248665297741273,-1.0260869565217392,6.66887417218543,2.797530864197531,80.70833333333333,487,36.3333,47.3333
34609,4,Kyrylivka,221,34609,NA,NA,9.198494623655915,4.123262839879154,15.32,3.2436974789915967,51,465,36.3333,47.3333
34609,5,Kyrylivka,221,34609,NA,NA,15.378472222222221,8.99771986970684,21.638306451612902,3.425373134328358,NA,432,36.3333,47.3333
34609,6,Kyrylivka,221,34609,NA,NA,18.492592592592594,12.796787148594378,24.714358974358973,5.727941176470588,NA,351,36.3333,47.3333
34609,7,Kyrylivka,221,34609,NA,NA,21.742521994134897,15.885823754789271,28.742677824267783,6.670491803278688,NA,341,36.3333,47.3333
34609,8,Kyrylivka,221,34609,NA,NA,21.42232142857143,15.523983739837398,28.468260869565217,10.412820512820513,NA,336,36.3333,47.3333
34609,9,Kyrylivka,221,34609,NA,NA,15.799740932642488,11.250522648083624,22.662,4.673333333333333,NA,386,36.3333,47.3333
34609,10,Kyrylivka,221,34609,NA,NA,8.757380952380952,4.788852459016393,14.501127819548872,2.698529411764706,NA,420,36.3333,47.3333
34609,11,Kyrylivka,221,34609,NA,NA,2.9072115384615387,0.5207792207792208,6.1085501858736055,3.9761194029850744,32.22222222222222,416,36.3333,47.3333
34609,12,Kyrylivka,221,34609,NA,NA,-2.409502262443439,-4.476237623762376,0.014516129032258044,2.1425373134328356,73.8936170212766,442,36.3333,47.3333
34615,1,Volnovakha,266,34615,NA,NA,-4.208923076923077,-5.6336,-0.6919431279620853,3.469172932330827,144.3111111111111,325,37.35,47.6167
34615,2,Volnovakha,266,34615,NA,NA,-3.3989547038327528,-5.41910569105691,-0.6614973262032086,3.223931623931624,148.66666666666666,287,37.35,47.6167
34615,3,Volnovakha,266,34615,NA,NA,1.6042042042042042,-1.2356363636363636,5.875757575757576,3.3297520661157023,55.214285714285715,333,37.35,47.6167
34615,4,Volnovakha,266,34615,NA,NA,9.03741935483871,4.998084291187739,14.765470852017938,3.6256410256410256,NA,310,37.35,47.6167
34615,5,Volnovakha,266,34615,NA,NA,15.220289855072464,10.468260869565217,21.45212765957447,4.908333333333333,NA,276,37.35,47.6167
34615,6,Volnovakha,266,34615,NA,NA,18.896396396396398,14.26578947368421,24.630718954248366,5.786764705882353,NA,222,37.35,47.6167
34615,7,Volnovakha,266,34615,NA,NA,22.358744394618835,17.400529100529102,28.942285714285713,5.72,NA,223,37.35,47.6167
34615,8,Volnovakha,266,34615,NA,NA,21.945539906103285,16.758181818181818,28.23248407643312,10.46896551724138,NA,213,37.35,47.6167
34615,9,Volnovakha,266,34615,NA,NA,14.980753138075315,11.244162436548223,21.123124999999998,5.898,NA,239,37.35,47.6167
34615,10,Volnovakha,266,34615,NA,NA,8.536742424242425,5.304854368932038,13.189024390243903,2.52,NA,264,37.35,47.6167
34615,11,Volnovakha,266,34615,NA,NA,2.544943820224719,0.6079295154185023,5.351479289940828,3.5689320388349515,NA,267,37.35,47.6167
34615,12,Volnovakha,266,34615,NA,NA,-3.078333333333333,-4.894736842105263,-0.9354651162790698,1.831578947368421,106,300,37.35,47.6167
34622,1,Amvrosiivka,164,34622,NA,NA,-3.982153846153846,-5.3224409448818895,-0.557487922705314,3.3016,93.76086956521739,325,38.5167,47.800000000000004
34622,2,Amvrosiivka,164,34622,NA,NA,-3.156338028169014,-5.211065573770492,-0.10864864864864868,3.5428571428571427,95.33333333333333,284,38.5167,47.800000000000004
34622,3,Amvrosiivka,164,34622,NA,NA,1.9942942942942943,-0.8848920863309353,6.241484716157205,3.21981981981982,115.53846153846153,333,38.5167,47.800000000000004
34622,4,Amvrosiivka,164,34622,NA,NA,9.545659163987137,5.404296875,15.402702702702703,3.598780487804878,NA,311,38.5167,47.800000000000004
34622,5,Amvrosiivka,164,34622,NA,NA,15.533333333333333,10.64524886877828,21.8747311827957,3.278947368421053,NA,270,38.5167,47.800000000000004
34622,6,Amvrosiivka,164,34622,NA,NA,19.339366515837103,14.790909090909091,24.930065359477123,5.689705882352941,NA,221,38.5167,47.800000000000004
34622,7,Amvrosiivka,164,34622,NA,NA,22.86318181818182,18.20427807486631,29.44702380952381,5.9696428571428575,NA,220,38.5167,47.800000000000004
34622,8,Amvrosiivka,164,34622,NA,NA,22.44976525821596,17.365269461077844,28.628662420382167,4.833333333333333,NA,213,38.5167,47.800000000000004
34622,9,Amvrosiivka,164,34622,NA,NA,15.471548117154812,11.512765957446808,21.55125,4.534042553191489,NA,239,38.5167,47.800000000000004
34622,10,Amvrosiivka,164,34622,NA,NA,8.86793893129771,5.670388349514563,13.328301886792453,3.2018181818181817,NA,262,38.5167,47.800000000000004
34622,11,Amvrosiivka,164,34622,NA,NA,2.842910447761194,0.8846846846846846,5.485365853658537,4.254444444444444,NA,268,38.5167,47.800000000000004
34622,12,Amvrosiivka,164,34622,NA,NA,-2.7457236842105264,-4.639166666666667,-0.9076923076923077,3.4313725490196076,69.94444444444444,304,38.5167,47.800000000000004
34625,1,Matveev Kurgan,0,34625,NA,NA,-1.703225806451613,-5.364516129032258,1.7258064516129032,3.1073529411764707,89,68,38.8833,47.5667
34625,2,Matveev Kurgan,0,34625,NA,NA,1.5413793103448277,-1.7344827586206897,5.827586206896552,2.476271186440678,NA,59,38.8833,47.5667
34625,3,Matveev Kurgan,0,34625,NA,NA,5.6152173913043475,1.2666666666666666,10.7,2.354320987654321,NA,82,38.8833,47.5667
34625,4,Matveev Kurgan,0,34625,NA,NA,13.47,8.546666666666667,18.56,2.7683673469387755,NA,98,38.8833,47.5667
34625,5,Matveev Kurgan,0,34625,NA,NA,14.851063829787234,9.336170212765957,19.95744680851064,3.6246575342465754,NA,73,38.8833,47.5667
34625,6,Matveev Kurgan,0,34625,NA,NA,20.066666666666666,15.14,24.96,3.6677966101694914,NA,59,38.8833,47.5667
34625,7,Matveev Kurgan,0,34625,NA,NA,23.1,17.729032258064517,28.14516129032258,1.837837837837838,NA,37,38.8833,47.5667
34625,8,Matveev Kurgan,0,34625,NA,NA,25.27741935483871,19.658064516129034,30.829032258064515,4.6139534883720925,NA,43,38.8833,47.5667
34625,9,Matveev Kurgan,0,34625,NA,NA,18.943333333333335,13.72,24.71,3.075,NA,44,38.8833,47.5667
34625,10,Matveev Kurgan,0,34625,NA,NA,11.525806451612903,6.935483870967742,16.787096774193547,2.4295454545454547,NA,44,38.8833,47.5667
34625,11,Matveev Kurgan,0,34625,NA,NA,6.983333333333333,3.8766666666666665,10.163333333333334,3.676190476190476,NA,63,38.8833,47.5667
34625,12,Matveev Kurgan,0,34625,NA,NA,2.07741935483871,-0.296774193548387,4.458064516129032,2.8253968253968256,NA,63,38.8833,47.5667
34635,1,Sahty,0,34635,NA,NA,-2.5348837209302326,-4.985897435897436,0.6525,1.58,60.42857142857143,155,40.26670000000001,47.7
34635,2,Sahty,0,34635,NA,NA,-1.7196078431372548,-4.570731707317074,2.86144578313253,1.4253521126760564,49.142857142857146,142,40.26670000000001,47.7
34635,3,Sahty,0,34635,NA,NA,3.3228813559322035,0.6884210526315789,9.365934065934066,1.3748387096774193,68.8,155,40.26670000000001,47.7
34635,4,Sahty,0,34635,NA,NA,13.397979797979797,8.298850574712644,19.184146341463414,1.4506666666666665,61,150,40.26670000000001,47.7
34635,5,Sahty,0,34635,NA,NA,15.786315789473685,10.161904761904761,20.32063492063492,1.9879432624113476,NA,141,40.26670000000001,47.7
34635,6,Sahty,0,34635,NA,NA,19.99375,14.89090909090909,25.393548387096775,1.7008333333333334,NA,120,40.26670000000001,47.7
34635,7,Sahty,0,34635,NA,NA,23.5,17.536956521739132,29.15625,0.6129032258064516,NA,93,40.26670000000001,47.7
34635,8,Sahty,0,34635,NA,NA,24.73793103448276,18.59591836734694,30.764864864864865,0.8365591397849462,NA,93,40.26670000000001,47.7
34635,9,Sahty,0,34635,NA,NA,20.142857142857142,13.954347826086956,25.402941176470588,0.9755555555555555,NA,90,40.26670000000001,47.7
34635,10,Sahty,0,34635,NA,NA,11.850819672131147,6.930909090909091,17.457142857142856,1.4024390243902438,NA,82,40.26670000000001,47.7
34635,11,Sahty,0,34635,NA,NA,3.496969696969697,2.188235294117647,7.372727272727273,2.215625,64.5,96,40.26670000000001,47.7
34635,12,Sahty,0,34635,NA,NA,-0.9046511627906977,-2.3426666666666667,2.3435897435897437,1.8112903225806452,72.69565217391305,124,40.26670000000001,47.7
34712,1,Mariupol,68,34712,NA,NA,-2.352521929824561,-3.8178187403993857,0.21619047619047618,3.264775413711584,66.94324324324324,912,37.5,47.033300000000004
34712,2,Mariupol,68,34712,NA,NA,-1.5058895705521473,-3.406190476190476,1.2188311688311688,2.8725714285714288,61.34020618556701,815,37.5,47.033300000000004
34712,3,Mariupol,68,34712,NA,NA,3.0154180238870794,0.651729106628242,6.3136752136752134,2.546220930232558,45.457364341085274,921,37.5,47.033300000000004
34712,4,Mariupol,68,34712,NA,NA,10.125767543859649,6.650798258345429,13.701702127659575,3.8966165413533833,10,912,37.5,47.033300000000004
34712,5,Mariupol,68,34712,NA,NA,16.549381327334082,12.183478260869565,20.374285714285715,3.5828571428571427,51,889,37.5,47.033300000000004
34712,6,Mariupol,68,34712,NA,NA,21.32126909518214,16.690075187969924,25.461396011396012,4.6593886462882095,NA,851,37.5,47.033300000000004
34712,7,Mariupol,68,34712,NA,NA,23.996788482834994,18.835074626865673,28.474624829467942,4.968229166666666,NA,903,37.5,47.033300000000004
34712,8,Mariupol,68,34712,NA,NA,23.50568445475638,18.584250764525994,27.926002766251727,3.9258426966292137,NA,892,37.5,47.033300000000004
34712,9,Mariupol,68,34712,NA,NA,17.34567474048443,13.340595611285266,21.55320970042796,4.71356783919598,NA,869,37.5,47.033300000000004
34712,10,Mariupol,68,34712,NA,NA,10.579152731326644,7.412669683257919,14.155131964809383,3.2101941747572815,NA,897,37.5,47.033300000000004
34712,11,Mariupol,68,34712,NA,NA,4.195135746606335,2.0507861635220124,6.789391575663027,3.7965397923875432,46.022222222222226,884,37.5,47.033300000000004
34712,12,Mariupol,68,34712,NA,NA,-0.5830230010952903,-2.4140718562874253,1.839116719242902,3.22874251497006,47.55555555555556,913,37.5,47.033300000000004
34720,1,Taganrog,0,34720,NA,NA,-2.268292682926829,-4.417784877529287,0.3155555555555556,1.9538865546218487,64.38755980861244,961,38.89999999999999,47.2
34720,2,Taganrog,0,34720,NA,NA,-1.4867970660146699,-3.8329849012775843,1.7101045296167248,1.6979238754325259,65.1880341880342,872,38.89999999999999,47.2
34720,3,Taganrog,0,34720,NA,NA,3.3162663755458515,0.6677930306230201,7.159556494192186,1.5039748953974896,80.67241379310344,958,38.89999999999999,47.2
34720,4,Taganrog,0,34720,NA,NA,11.296653796653796,7.8685584562996596,15.778522727272728,1.403754266211604,NA,881,38.89999999999999,47.2
34720,5,Taganrog,0,34720,NA,NA,17.614412136536032,13.712585034013605,22.29047619047619,1.4904761904761905,NA,882,38.89999999999999,47.2
34720,6,Taganrog,0,34720,NA,NA,22.110807113543093,18.134761904761906,27.190952380952382,1.9142857142857144,51,840,38.89999999999999,47.2
34720,7,Taganrog,0,34720,NA,NA,24.92577319587629,20.440162037037037,30.014136732329085,1.2093858632676708,NA,865,38.89999999999999,47.2
34720,8,Taganrog,0,34720,NA,NA,24.257414448669202,19.872119815668203,29.667281105990785,1.2087658592848904,NA,868,38.89999999999999,47.2
34720,9,Taganrog,0,34720,NA,NA,18.15160857908847,14.200617283950617,23.024938271604938,1.6295061728395062,NA,810,38.89999999999999,47.2
34720,10,Taganrog,0,34720,NA,NA,10.824716267339218,7.82684331797235,14.746091954022988,1.4035673187571922,NA,870,38.89999999999999,47.2
34720,11,Taganrog,0,34720,NA,NA,4.33281807372176,2.1412429378531073,7.2790304396843295,1.7627647714604235,24.708333333333332,900,38.89999999999999,47.2
34720,12,Taganrog,0,34720,NA,NA,-0.49551724137931036,-2.502302631578947,2.0394565217391305,1.9036637931034484,47.89010989010989,930,38.89999999999999,47.2
34723,1,Azov,4,34723,NA,NA,-1.761904761904762,-4.406666666666666,4.191666666666666,3.1023255813953488,17.142857142857142,43,39.4167,47.1167
34723,2,Azov,4,34723,NA,NA,-1.8266666666666667,-3.703846153846154,3.925,2.3022727272727272,10,44,39.4167,47.1167
34723,3,Azov,4,34723,NA,NA,1.6954545454545455,-0.07647058823529411,8.646153846153846,2.7282608695652173,52.75,46,39.4167,47.1167
34723,4,Azov,4,34723,NA,NA,10.453846153846154,7.369230769230769,19.5625,3.7216216216216216,NA,37,39.4167,47.1167
34723,5,Azov,4,34723,NA,NA,NA,NA,NA,4.755,NA,20,39.4167,47.1167
34723,6,Azov,4,34723,NA,NA,11.8,10.6,NA,10.015789473684212,NA,19,39.4167,47.1167
34723,7,Azov,4,34723,NA,NA,NA,NA,NA,2.9714285714285715,NA,7,39.4167,47.1167
34723,8,Azov,4,34723,NA,NA,20.7,18.35,28.05,5.461538461538462,NA,13,39.4167,47.1167
34723,9,Azov,4,34723,NA,NA,15.9,14.366666666666667,21.575,7.346666666666667,NA,15,39.4167,47.1167
34723,10,Azov,4,34723,NA,NA,11.684615384615384,9.241666666666667,19.608333333333334,1.668,NA,25,39.4167,47.1167
34723,11,Azov,4,34723,NA,NA,1.65,-0.4,5.3428571428571425,3.765625,NA,32,39.4167,47.1167
34723,12,Azov,4,34723,NA,NA,-4.728571428571429,-7.22,-2.5545454545454547,4.260606060606061,210.33333333333334,33,39.4167,47.1167
34727,1,Ejsk,0,34727,NA,NA,-0.3724867724867725,-2.768181818181818,2.8,1.8145833333333334,29.73873873873874,396,38.2667,46.8
34727,2,Ejsk,0,34727,NA,NA,0.7662824207492795,-1.9522058823529411,4.300803212851406,1.5725165562913908,43.05882352941177,365,38.2667,46.8
34727,3,Ejsk,0,34727,NA,NA,4.90859375,1.8550632911392404,8.977257525083612,1.2495677233429394,30.68421052631579,398,38.2667,46.8
34727,4,Ejsk,0,34727,NA,NA,11.931363636363637,9.072282608695652,15.812280701754386,1.6308056872037915,NA,243,38.2667,46.8
34727,5,Ejsk,0,34727,NA,NA,18.266525423728815,14.60390243902439,20.6725,2.217766497461929,NA,258,38.2667,46.8
34727,6,Ejsk,0,34727,NA,NA,23.205820105820106,19.673125,26.71,1.9251655629139073,NA,211,38.2667,46.8
34727,7,Ejsk,0,34727,NA,NA,25.023318385650224,21.49948717948718,28.262162162162163,2.1289308176100628,NA,227,38.2667,46.8
34727,8,Ejsk,0,34727,NA,NA,25.26043956043956,21.958119658119656,28.751052631578947,1.7637362637362637,NA,285,38.2667,46.8
34727,9,Ejsk,0,34727,NA,NA,18.66111111111111,15.848469387755102,22.253333333333334,1.9746835443037976,NA,247,38.2667,46.8
34727,10,Ejsk,0,34727,NA,NA,12.064197530864197,9.681990521327014,15.64723926380368,1.558918918918919,NA,251,38.2667,46.8
34727,11,Ejsk,0,34727,NA,NA,5.47683615819209,2.9919847328244273,8.789837398373983,1.758,10.909090909090908,373,38.2667,46.8
34727,12,Ejsk,0,34727,NA,NA,1.3785515320334263,-0.7294117647058823,4.349579831932773,1.531974921630094,36.910714285714285,379,38.2667,46.8
34730,1,Aksay / Rostov-Na-Donu / Kirlichnyy,74,34730,NA,NA,-3.204,-5.451254480286738,-0.24408602150537634,1.9517323775388291,69.60416666666667,837,39.8167,47.2667
34730,2,Aksay / Rostov-Na-Donu / Kirlichnyy,74,34730,NA,NA,-2.061898211829436,-4.7481481481481485,1.5886334610472541,1.6895274584929758,143.12698412698413,783,39.8167,47.2667
34730,3,Aksay / Rostov-Na-Donu / Kirlichnyy,74,34730,NA,NA,2.954342431761787,-0.4435483870967742,7.578110599078341,1.7224654377880184,78.44444444444444,868,39.8167,47.2667
34730,4,Aksay / Rostov-Na-Donu / Kirlichnyy,74,34730,NA,NA,10.912564102564103,6.251785714285714,16.838333333333335,1.365,NA,840,39.8167,47.2667
34730,5,Aksay / Rostov-Na-Donu / Kirlichnyy,74,34730,NA,NA,17.008084577114428,11.84515011547344,23.029792147806006,1.7727482678983835,NA,866,39.8167,47.2667
34730,6,Aksay / Rostov-Na-Donu / Kirlichnyy,74,34730,NA,NA,21.59717948717949,16.406190476190478,27.61202380952381,2.005714285714286,NA,840,39.8167,47.2667
34730,7,Aksay / Rostov-Na-Donu / Kirlichnyy,74,34730,NA,NA,24.344516129032257,18.703225806451613,30.382630272952852,1.4311414392059554,NA,806,39.8167,47.2667
34730,8,Aksay / Rostov-Na-Donu / Kirlichnyy,74,34730,NA,NA,23.62299741602067,17.814285714285713,29.843478260869567,1.500496894409938,NA,805,39.8167,47.2667
34730,9,Aksay / Rostov-Na-Donu / Kirlichnyy,74,34730,NA,NA,17.2376,12.313076923076924,23.169871794871796,1.4925641025641025,NA,780,39.8167,47.2667
34730,10,Aksay / Rostov-Na-Donu / Kirlichnyy,74,34730,NA,NA,9.897548387096775,6.25272952853598,14.805210918114144,1.6260545905707195,NA,806,39.8167,47.2667
34730,11,Aksay / Rostov-Na-Donu / Kirlichnyy,74,34730,NA,NA,3.6210666666666667,0.8319230769230769,6.999102564102564,1.768974358974359,NA,780,39.8167,47.2667
34730,12,Aksay / Rostov-Na-Donu / Kirlichnyy,74,34730,NA,NA,-1.1218064516129032,-3.398263027295285,1.683622828784119,2.0950372208436723,69.11538461538461,806,39.8167,47.2667
34731,1,Rostov-Na-Donu,77,34731,NA,URRR,-2.6950764006791172,-5.072665534804754,-0.20509337860780985,NA,NA,589,39.8167,47.2667
34731,2,Rostov-Na-Donu,77,34731,NA,URRR,-1.5538317757009346,-4.262616822429907,1.4001869158878504,NA,NA,535,39.8167,47.2667
34731,3,Rostov-Na-Donu,77,34731,NA,URRR,3.8774137931034485,0.36344827586206896,7.742241379310345,NA,NA,580,39.8167,47.2667
34731,4,Rostov-Na-Donu,77,34731,NA,URRR,11.288771929824561,6.539824561403509,16.020526315789475,NA,NA,570,39.8167,47.2667
34731,5,Rostov-Na-Donu,77,34731,NA,URRR,17.34302925989673,12.297590361445783,22.292943201376936,NA,NA,581,39.8167,47.2667
34731,6,Rostov-Na-Donu,77,34731,NA,URRR,22.40625,17.134090909090908,27.377462121212123,NA,NA,528,39.8167,47.2667
34731,7,Rostov-Na-Donu,77,34731,NA,URRR,24.5005291005291,19.05432098765432,29.70246913580247,NA,NA,567,39.8167,47.2667
34731,8,Rostov-Na-Donu,77,34731,NA,URRR,24.66541737649063,18.740885860306644,30.459965928449744,NA,NA,587,39.8167,47.2667
34731,9,Rostov-Na-Donu,77,34731,NA,URRR,17.931810193321617,12.813708260105448,23.355711775043936,NA,NA,569,39.8167,47.2667
34731,10,Rostov-Na-Donu,77,34731,NA,URRR,10.755612244897959,6.746938775510204,15.249319727891157,NA,NA,588,39.8167,47.2667
34731,11,Rostov-Na-Donu,77,34731,NA,URRR,4.328521126760563,1.563556338028169,7.378521126760563,NA,NA,568,39.8167,47.2667
34731,12,Rostov-Na-Donu,77,34731,NA,URRR,0.14334470989761094,-1.9725255972696245,2.302047781569966,NA,NA,586,39.8167,47.2667
UKCM0,1,Mariupol / Berdyanskoye,77,NA,NA,UKCM,-2.2122270742358077,-5.052838427947599,0.4672489082969432,1.6459016393442623,NA,229,37.4496,47.0761
UKCM0,2,Mariupol / Berdyanskoye,77,NA,NA,UKCM,-1.1286343612334802,-4.230396475770925,2.0242290748898677,1.1743362831858408,NA,227,37.4496,47.0761
UKCM0,3,Mariupol / Berdyanskoye,77,NA,NA,UKCM,3.0278688524590165,-0.784016393442623,6.92827868852459,1.0564516129032258,NA,244,37.4496,47.0761
UKCM0,4,Mariupol / Berdyanskoye,77,NA,NA,UKCM,11.35625,7.3109375,15.53125,2.0191666666666666,NA,128,37.4496,47.0761
UKCM0,5,Mariupol / Berdyanskoye,77,NA,NA,UKCM,16.04590163934426,11.284426229508197,20.494262295081967,2.0009174311926605,NA,122,37.4496,47.0761
UKCM0,6,Mariupol / Berdyanskoye,77,NA,NA,UKCM,21.52962962962963,16.761111111111113,25.88425925925926,2.641111111111111,NA,108,37.4496,47.0761
UKCM0,7,Mariupol / Berdyanskoye,77,NA,NA,UKCM,24.409259259259258,19.199074074074073,29.130555555555556,1.9473118279569892,NA,108,37.4496,47.0761
UKCM0,8,Mariupol / Berdyanskoye,77,NA,NA,UKCM,25.026016260162603,20.035772357723577,29.75121951219512,2.135483870967742,NA,123,37.4496,47.0761
UKCM0,9,Mariupol / Berdyanskoye,77,NA,NA,UKCM,17.161417322834644,12.465354330708662,21.700787401574804,0.8166666666666667,NA,127,37.4496,47.0761
UKCM0,10,Mariupol / Berdyanskoye,77,NA,NA,UKCM,11.17910447761194,7.228358208955224,15.228358208955225,1.0989247311827957,NA,134,37.4496,47.0761
UKCM0,11,Mariupol / Berdyanskoye,77,NA,NA,UKCM,5.38304347826087,2.0269565217391303,8.599565217391305,2.6222222222222222,NA,230,37.4496,47.0761
UKCM0,12,Mariupol / Berdyanskoye,77,NA,NA,UKCM,0.5145539906103286,-2.016901408450704,2.772300469483568,2.3451612903225807,NA,213,37.4496,47.0761
UKCW0,1,Lugansk / Luhans'k / Shmidta,194,NA,NA,UKCW,-5.201307189542484,-7.990196078431373,-2.450980392156863,NA,NA,306,39.3667,48.4167
UKCW0,2,Lugansk / Luhans'k / Shmidta,194,NA,NA,UKCW,-5.18086642599278,-8.133574007220217,-2.101083032490975,NA,NA,277,39.3667,48.4167
UKCW0,3,Lugansk / Luhans'k / Shmidta,194,NA,NA,UKCW,1.2518272425249168,-2.6245847176079735,5.219269102990033,NA,NA,301,39.3667,48.4167
UKCW0,4,Lugansk / Luhans'k / Shmidta,194,NA,NA,UKCW,9.937792642140469,4.622073578595318,15.25752508361204,NA,NA,299,39.3667,48.4167
UKCW0,5,Lugansk / Luhans'k / Shmidta,194,NA,NA,UKCW,17.12591463414634,11.085365853658537,22.890243902439025,NA,NA,328,39.3667,48.4167
UKCW0,6,Lugansk / Luhans'k / Shmidta,194,NA,NA,UKCW,20.90328947368421,14.759868421052632,26.605263157894736,NA,NA,304,39.3667,48.4167
UKCW0,7,Lugansk / Luhans'k / Shmidta,194,NA,NA,UKCW,22.91282894736842,16.792763157894736,28.832236842105264,NA,NA,304,39.3667,48.4167
UKCW0,8,Lugansk / Luhans'k / Shmidta,194,NA,NA,UKCW,22.960197368421053,16.404605263157894,29.43421052631579,NA,NA,304,39.3667,48.4167
UKCW0,9,Lugansk / Luhans'k / Shmidta,194,NA,NA,UKCW,16.167676767676767,10.515151515151516,22.07070707070707,NA,NA,297,39.3667,48.4167
UKCW0,10,Lugansk / Luhans'k / Shmidta,194,NA,NA,UKCW,9.324509803921568,5.271241830065359,13.767973856209151,NA,NA,306,39.3667,48.4167
UKCW0,11,Lugansk / Luhans'k / Shmidta,194,NA,NA,UKCW,3.2280405405405403,0.17567567567567569,6.391891891891892,NA,NA,296,39.3667,48.4167
UKCW0,12,Lugansk / Luhans'k / Shmidta,194,NA,NA,UKCW,-1.6645901639344263,-3.963934426229508,0.5409836065573771,NA,NA,305,39.3667,48.4167
